{"accuracy": 0.6184210777282715, "loss": 1.629568338394165, "_timestamp": 1716797802.5103562, "_runtime": 1.7789092063903809, "_step": 0}